Location_Regex,n_both,n_total,Normalized_Mentions
aagtekerke,0,3,0.0
aalsmeer,8,44,0.18181818181818182
aalst,11,93,0.11827956989247312
aalten,11,45,0.24444444444444444
ter.?aar,21,126,0.16666666666666666
aardenburg,4,15,0.26666666666666666
aarlanderveen,3,27,0.1111111111111111
aarle.?rixtel,0,0,0.0
abbekerk,0,2,0.0
